accession,country
GSE175503,USA
GSE55574,USA
GSE245330,Belgium
GSE241437,United Kingdom
GSE63028,Italy
GSE156709,China
GSE203245,USA
GSE229546,Sweden
GSE214626,Japan
GSE216204,Japan
GSE210759,Germany
GSE145348,Germany
GSE155749,Belgium
GSE229558,USA
GSE306127,USA
GSE216991,USA
GSE248238,Japan
GSE47948,USA
GSE132605,Germany
GSE278192,China
GSE277236,USA
GSE223576,United Kingdom
GSE111397,China
GSE264211,USA
GSE89795,United Kingdom
GSE178601,USA
GSE70735,Russia
GSE192665,USA
GSE248240,Japan
GSE56138,USA
GSE194010,USA
GSE274249,United Arab Emirates
GSE184136,Italy
GSE48364,Spain
GSE207730,Italy
GSE86817,China
GSE239550,China
GSE144159,USA
GSE279710,Australia
GSE182676,Belgium
GSE177689,Austria
GSE131499,France
GSE87576,Japan
GSE289297,United Kingdom
GSE293056,USA
GSE247427,Germany
GSE69080,United Kingdom
GSE180492,USA
GSE154097,China
GSE93507,USA
GSE245954,Germany
GSE293252,USA
GSE89044,Australia
GSE229058,USA
GSE43805,USA
GSE114219,USA
GSE115011,USA
GSE260653,Russia
GSE178162,USA
GSE92642,Canada
GSE264742,USA
GSE125509,Canada
GSE38477,United Kingdom
GSE165890,USA
GSE202364,France
GSE144631,Italy
GSE243443,USA
GSE303032,USA
GSE198235,USA
GSE157136,USA
GSE175935,Japan
GSE263326,Netherlands
GSE223077,USA
GSE214380,United Kingdom
GSE178242,USA
GSE97988,USA
GSE108459,USA
GSE41565,USA
GSE75701,USA
GSE241377,USA
GSE42956,Australia
GSE219153,Austria
GSE261129,Germany
GSE297613,Denmark
GSE109683,USA
GSE229366,Australia
GSE108012,USA
GSE243881,China
GSE24029,Germany
GSE298819,Brazil
GSE162772,United Kingdom
GSE53233,USA
GSE272192,USA
GSE3749,Canada
GSE77362,China
GSE131805,Japan
GSE125140,USA
GSE184467,Switzerland
GSE139832,Singapore
GSE310759,China
GSE165339,China
GSE114389,Japan
GSE114640,Sweden
GSE42807,Germany
GSE19964,Taiwan
GSE276210,USA
GSE287425,USA
GSE283484,USA
GSE284047,USA
GSE249253,USA
GSE89973,Japan
GSE86982,USA
GSE218668,Israel
GSE159971,USA
GSE114678,Israel
GSE285126,USA
GSE138398,South Korea
GSE226042,USA
GSE65173,Spain
GSE61674,Germany
GSE241378,USA
GSE212948,USA
GSE121400,France
GSE168412,Italy
GSE180521,USA
GSE66657,Japan
GSE274429,China
GSE84504,Israel
GSE7141,Switzerland
GSE144577,China
GSE299921,Czech Republic
GSE225050,China
GSE61874,Germany
GSE47178,Netherlands
GSE219406,USA
GSE310216,Germany
GSE138695,Finland
GSE254946,Netherlands
GSE287376,USA
GSE288399,United Kingdom
GSE203569,United Kingdom
GSE164464,Denmark
GSE140012,Canada
GSE196684,United Kingdom
GSE217907,Netherlands
GSE227546,USA
GSE79928,China
GSE16256,USA
GSE61265,Italy
GSE273100,Italy
GSE227096,USA
GSE263980,Japan
GSE217423,USA
GSE264120,USA
GSE38650,Japan
GSE132964,Belgium
GSE20027,USA
GSE143457,United Kingdom
GSE315774,USA
GSE113016,Macau
GSE122696,USA
GSE197865,United Kingdom
GSE276588,Canada
GSE191249,Finland
GSE199265,USA
GSE254962,USA
GSE253490,USA
GSE154453,China
GSE162580,USA
GSE181241,Sweden
GSE273068,Germany
GSE288852,Netherlands
GSE137805,USA
GSE236202,Sweden
GSE48436,USA
GSE39821,USA
GSE137667,United Kingdom
GSE104232,USA
GSE160236,China
GSE146450,USA
GSE289158,United Kingdom
GSE24208,South Korea
GSE210680,USA
GSE126035,Singapore
GSE310722,USA
GSE242826,United Kingdom
GSE247450,USA
GSE167278,South Korea
GSE273767,Spain
GSE240770,USA
GSE319077,USA
GSE233349,USA
GSE245722,USA
GSE24768,Spain
GSE285003,United Kingdom
GSE198391,USA
GSE143969,Taiwan
GSE279958,Australia
GSE152471,Japan
GSE132401,USA
GSE207525,USA
GSE9448,USA
GSE273772,USA
GSE288407,Australia
GSE141835,USA
GSE188501,China
GSE276726,China
GSE178683,Italy
GSE26629,USA
GSE11795,Canada
GSE284798,USA
GSE133687,United Kingdom
GSE109089,USA
GSE249092,USA
GSE215326,China
GSE89878,United Kingdom
GSE173459,China
GSE99924,United Kingdom
GSE286087,United Kingdom
GSE180793,USA
GSE314132,USA
GSE112714,China
GSE83443,USA
GSE15206,USA
GSE16681,USA
GSE181233,USA
GSE30882,USA
GSE227223,USA
GSE306666,Spain
GSE327332,United Kingdom
GSE93301,Netherlands
GSE233332,Germany
GSE150638,USA
GSE236323,USA
GSE108021,Argentina
GSE193738,USA
GSE240334,France
GSE240475,Netherlands
GSE130058,China
GSE216702,USA
GSE266032,France
GSE208574,USA
GSE186374,China
GSE37275,Netherlands
GSE245771,Japan
GSE123136,Canada
GSE99991,USA
GSE162877,USA
GSE288287,United Kingdom
GSE171137,USA
GSE162579,USA
GSE34243,Germany
GSE243851,USA
GSE177048,Belgium
GSE73467,Singapore
GSE267366,USA
GSE84905,USA
GSE137162,Australia
GSE20046,USA
GSE174232,Australia
GSE229726,USA
GSE119316,United Kingdom
GSE301544,USA
GSE243065,China
GSE329243,China
GSE296443,Belgium
GSE272117,USA
GSE97142,Netherlands
GSE75172,USA
GSE291908,China
GSE279846,China
GSE165103,Belgium
GSE18813,Japan
GSE18927,USA
GSE263987,United Kingdom
GSE203370,USA
GSE84050,Austria
GSE127915,USA
GSE13834,USA
GSE131802,Japan
GSE94051,United Kingdom
GSE244818,USA
GSE11350,Germany
GSE185688,Germany
GSE222442,USA
GSE169549,United Kingdom
GSE7865,USA
GSE74210,USA
GSE106176,USA
GSE45343,Spain
GSE234769,USA
GSE30630,Singapore
GSE231466,South Korea
GSE251756,Australia
GSE274620,USA
GSE96593,Austria
GSE138964,USA
GSE272060,USA
GSE220634,USA
GSE135834,USA
GSE115968,USA
GSE31970,Germany
GSE296710,Belgium
GSE142316,USA
GSE104969,Germany
GSE124616,USA
GSE333466,USA
GSE128140,China
GSE135841,United Kingdom
GSE76375,Greece
GSE151744,China
GSE109111,India
GSE100679,Ireland
GSE136858,USA
GSE310909,USA
GSE272171,USA
GSE305587,Germany
GSE284733,South Korea
GSE195667,USA
GSE95390,USA
GSE142315,USA
GSE239403,Belgium
GSE85330,USA
GSE32503,Taiwan
GSE270946,USA
GSE165867,Japan
GSE111978,USA
GSE99583,Australia
GSE210376,USA
GSE150588,USA
GSE139817,USA
GSE243254,Portugal
GSE25538,USA
GSE184694,USA
GSE19409,USA
GSE31791,Spain
GSE71943,USA
GSE236034,Spain
GSE293247,USA
GSE124365,China
GSE271447,USA
GSE288932,Norway
GSE236375,South Korea
GSE71664,USA
GSE106688,USA
GSE159867,United Kingdom
GSE118313,USA
GSE276214,Germany
GSE129986,China
GSE167258,China
GSE212512,China
GSE137129,Netherlands
GSE255268,India
GSE40909,USA
GSE226170,Poland
GSE207255,Switzerland
GSE328274,China
GSE237527,China
GSE280602,USA
GSE118315,Germany
GSE73629,Japan
GSE73446,USA
GSE35561,USA
GSE159159,Japan
GSE42453,USA
GSE18840,USA
GSE242523,USA
GSE168291,United Kingdom
GSE172319,France
GSE114549,USA
GSE124966,USA
GSE157910,USA
GSE153282,Germany
GSE151878,USA
GSE305256,Thailand
GSE147122,Germany
GSE154482,China
GSE58363,USA
GSE65836,USA
GSE171849,Japan
GSE166641,USA
GSE269904,Australia
GSE287034,Japan
GSE262700,Japan
GSE40444,USA
GSE19090,USA
GSE193148,USA
GSE99651,Israel
GSE288317,United Kingdom
GSE221664,Germany
GSE311389,Italy
GSE273072,Germany
GSE283697,China
GSE222904,USA
GSE87793,Iran
GSE152264,Japan
GSE154688,Japan
GSE142143,USA
GSE60285,USA
GSE185683,USA
GSE217826,Singapore
GSE19834,USA
GSE121999,USA
GSE179858,Australia
GSE303919,United Kingdom
GSE139161,USA
GSE188561,USA
GSE165725,China
GSE40007,USA
GSE174464,Germany
GSE77129,USA
GSE156712,China
GSE263174,USA
GSE152098,USA
GSE189235,USA
GSE95060,Germany
GSE8881,United Kingdom
GSE325168,Hong Kong
GSE85223,USA
GSE144634,Italy
GSE225009,South Korea
GSE168261,USA
GSE118052,Denmark
GSE112078,United Kingdom
GSE189782,Netherlands
GSE219721,USA
GSE272037,Spain
GSE111163,Netherlands
GSE134193,Taiwan
GSE239369,USA
GSE3527,South Korea
GSE295608,USA
GSE156284,Canada
GSE184600,USA
GSE251814,USA
GSE35793,USA
GSE291608,Canada
GSE221032,USA
GSE116173,USA
GSE277070,United Kingdom
GSE147694,Netherlands
GSE130073,Japan
GSE194431,China
GSE270293,New Zealand
GSE76098,China
GSE99652,Israel
GSE163963,China
GSE58960,China
GSE215328,China
GSE58408,USA
GSE133694,Japan
GSE185690,Germany
GSE271445,USA
GSE144579,China
GSE162996,USA
GSE116154,USA
GSE85234,China
GSE42154,USA
GSE85417,USA
GSE288728,China
GSE97884,United Kingdom
GSE239488,USA
GSE126150,USA
GSE234598,China
GSE97390,USA
GSE173460,China
GSE67582,Singapore
GSE165961,USA
GSE122239,United Kingdom
GSE48996,USA
GSE205665,Denmark
GSE89417,USA
GSE184080,USA
GSE306763,USA
GSE140466,China
GSE98753,United Kingdom
GSE89738,Japan
GSE74207,USA
GSE214463,France
GSE295126,USA
GSE168451,Japan
GSE282905,Japan
GSE38164,Singapore
GSE240792,Japan
GSE113817,China
GSE296398,Germany
GSE162649,USA
GSE168722,USA
GSE34912,USA
GSE114285,Taiwan
GSE76692,USA
GSE20045,USA
GSE231813,Japan
GSE153075,USA
GSE111230,Germany
GSE181744,Germany
GSE263372,USA
GSE51791,France
GSE47061,Germany
GSE30792,United Kingdom
GSE129104,USA
GSE147315,USA
GSE289836,USA
GSE41304,USA
GSE62721,Israel
GSE90813,Japan
GSE196139,Spain
GSE118088,Germany
GSE115907,USA
GSE101498,USA
GSE87066,USA
GSE242687,China
GSE157303,Germany
GSE26861,USA
GSE126358,Germany
GSE210969,Germany
GSE165590,Italy
GSE137163,Australia
GSE241688,Germany
GSE153633,USA
GSE253190,Germany
GSE279593,Germany
GSE173458,China
GSE273125,Italy
GSE64582,United Kingdom
GSE128102,USA
GSE188264,USA
GSE304363,USA
GSE77250,USA
GSE15779,USA
GSE53387,Netherlands
GSE158533,USA
GSE140405,USA
GSE255992,USA
GSE197319,USA
GSE253337,Canada
GSE279237,United Kingdom
GSE129653,USA
GSE313379,USA
GSE81925,South Korea
GSE263736,Russia
GSE197373,Japan
GSE244981,Japan
GSE288841,China
GSE48172,USA
GSE232076,Japan
GSE109686,USA
GSE186293,Hong Kong
GSE134454,Belgium
GSE93721,United Kingdom
GSE248497,Netherlands
GSE166769,Sweden
GSE71457,Israel
GSE149377,Switzerland
GSE40063,USA
GSE81130,Spain
GSE252237,USA
GSE71289,USA
GSE98525,Germany
GSE128499,USA
GSE93218,China
GSE233117,South Korea
GSE239637,USA
GSE90940,USA
GSE153884,USA
GSE103826,USA
GSE49305,Germany
GSE278224,United Kingdom
GSE143606,China
GSE58813,Germany
GSE287853,USA
GSE103615,Germany
GSE219151,Austria
GSE227975,USA
GSE205224,Canada
GSE324919,USA
GSE101770,USA
GSE188827,Norway
GSE213645,USA
GSE64540,USA
GSE212671,USA
GSE200686,USA
GSE221992,China
GSE48092,United Kingdom
GSE32080,Japan
GSE159071,USA
GSE138979,USA
GSE115436,USA
GSE163556,Poland
GSE185038,China
GSE102732,USA
GSE218101,Netherlands
GSE233636,USA
GSE153071,USA
GSE142375,USA
GSE77692,Denmark
GSE115871,USA
GSE178136,China
GSE159332,USA
GSE56834,USA
GSE105081,Germany
GSE245729,Belgium
GSE221616,USA
GSE195638,USA
GSE120522,Canada
GSE158918,USA
GSE211063,USA
GSE195860,Switzerland
GSE207377,USA
GSE210857,USA
GSE125141,USA
GSE307263,USA
GSE99530,Spain
GSE75868,USA
GSE167256,China
GSE312661,USA
GSE246049,Norway
GSE141906,South Korea
GSE54217,USA
GSE267008,USA
GSE315092,China
GSE283597,Sweden
GSE215435,USA
GSE157012,USA
GSE136620,United Kingdom
GSE135255,United Kingdom
GSE119700,France
GSE130662,United Kingdom
GSE267330,USA
GSE125770,Germany
GSE118106,United Kingdom
GSE227928,Germany
GSE272682,USA
GSE19372,USA
GSE107181,United Kingdom
GSE229265,South Korea
GSE224431,USA
GSE125145,USA
GSE124992,USA
GSE193487,USA
GSE120271,USA
GSE133908,Spain
GSE169065,USA
GSE59100,USA
GSE246984,France
GSE286162,Japan
GSE153645,USA
GSE89210,Germany
GSE34527,USA
GSE186698,USA
GSE27224,USA
GSE267617,United Kingdom
GSE222906,USA
GSE105110,USA
GSE167335,Spain
GSE69592,USA
GSE198234,USA
GSE256162,USA
GSE311407,USA
GSE134216,USA
GSE191248,Finland
GSE98289,Switzerland
GSE112886,USA
GSE198362,USA
GSE156723,South Korea
GSE266031,France
GSE253372,Czech Republic
GSE285576,USA
GSE158754,USA
GSE161278,Japan
GSE78812,USA
GSE327330,USA
GSE141108,Germany
GSE54382,China
GSE167747,Germany
GSE85630,USA
GSE165874,USA
GSE57271,Belgium
GSE235864,Japan
GSE67253,USA
GSE52158,USA
GSE75486,France
GSE213271,United Kingdom
GSE94250,United Kingdom
GSE125143,USA
GSE304183,USA
GSE202080,USA
GSE133731,USA
GSE135632,USA
GSE181242,Sweden
GSE109979,USA
GSE185608,USA
GSE130541,USA
GSE262148,United Kingdom
GSE127955,Singapore
GSE289292,USA
GSE71889,USA
GSE234506,Japan
GSE225817,Germany
GSE311009,Germany
GSE114977,Japan
GSE182791,USA
GSE150392,USA
GSE181234,USA
GSE98675,Norway
GSE81494,USA
GSE20750,Japan
GSE59009,USA
GSE27037,USA
GSE93530,USA
GSE283599,Sweden
GSE225815,Germany
GSE145406,Switzerland
GSE112479,USA
GSE286164,Japan
GSE115407,USA
GSE46315,USA
GSE90469,USA
GSE167409,Netherlands
GSE146667,Australia
GSE295884,Israel
GSE67259,Japan
GSE231929,Lithuania
GSE276142,USA
GSE202308,Switzerland
GSE254563,Germany
GSE61264,Italy
GSE223573,United Kingdom
GSE75719,USA
GSE183872,USA
GSE159487,USA
GSE168590,United Kingdom
GSE52250,Switzerland
GSE153325,USA
GSE307137,China
GSE237014,France
GSE112698,Sweden
GSE293253,USA
GSE312160,United Kingdom
GSE44646,China
GSE85026,Spain
GSE72612,Japan
GSE298431,China
GSE180403,Germany
GSE241592,USA
GSE184604,Germany
GSE159875,United Kingdom
GSE164644,USA
GSE120099,USA
GSE100447,Germany
GSE60047,Israel
GSE149451,USA
GSE289534,USA
GSE165375,China
GSE240175,USA
GSE190990,USA
GSE261211,China
GSE45503,Spain
GSE262150,India
GSE295508,China
GSE64411,USA
GSE116928,Japan
GSE283426,USA
GSE307124,USA
GSE307469,Japan
GSE216177,United Kingdom
GSE279964,Australia
GSE221268,USA
GSE201836,USA
GSE326654,USA
GSE308817,China
GSE42594,USA
GSE111595,USA
GSE261697,Australia
GSE106810,Sweden
GSE180967,USA
GSE266797,USA
GSE214996,Switzerland
GSE206872,Austria
GSE159871,United Kingdom
GSE173690,China
GSE27116,USA
GSE182758,USA
GSE319887,Australia
GSE208672,USA
GSE149864,Denmark
GSE102727,USA
GSE222112,USA
GSE306220,USA
GSE167356,Germany
GSE95531,Canada
GSE48128,USA
GSE240256,China
GSE130706,USA
GSE134532,USA
GSE184913,USA
GSE85066,USA
GSE306844,USA
GSE121399,France
GSE291283,United Kingdom
GSE120547,USA
GSE61487,USA
GSE133763,Finland
GSE30127,USA
GSE225479,USA
GSE153657,USA
GSE189227,USA
GSE283430,USA
GSE242033,Turkey
GSE79649,Italy
GSE163174,United Kingdom
GSE136841,Japan
GSE277636,Finland
GSE295345,USA
GSE228094,USA
GSE265932,USA
GSE110758,Germany
GSE160889,USA
GSE309575,Spain
GSE68396,China
GSE129429,Japan
GSE238213,USA
GSE298497,Switzerland
GSE138818,Spain
GSE164669,Italy
GSE42565,USA
GSE125925,United Kingdom
GSE58508,Taiwan
GSE196140,Spain
GSE144825,USA
GSE233262,USA
GSE72350,USA
GSE71178,USA
GSE160656,Germany
GSE155884,USA
GSE222113,USA
GSE121230,China
GSE84975,USA
GSE275369,Germany
GSE106847,USA
GSE212226,USA
GSE86990,United Kingdom
GSE153658,USA
GSE95391,USA
GSE203617,Australia
GSE83880,Japan
GSE123998,USA
GSE165107,Belgium
GSE163964,China
GSE47123,USA
GSE28874,USA
GSE121877,USA
GSE189053,USA
GSE202492,USA
GSE94249,United Kingdom
GSE245769,Japan
GSE271635,United Kingdom
GSE136227,USA
GSE313746,USA
GSE275695,USA
GSE21243,Israel
GSE84168,United Kingdom
GSE185194,USA
GSE301057,China
GSE86899,Spain
GSE126661,USA
GSE116261,Germany
GSE32465,USA
GSE167252,China
GSE230917,USA
GSE275850,China
GSE327304,United Arab Emirates
GSE244653,USA
GSE276594,Canada
GSE229987,United Kingdom
GSE85623,USA
GSE197723,USA
GSE228315,USA
GSE268911,Japan
GSE144279,Germany
GSE48252,China
GSE127807,USA
GSE50993,USA
GSE137876,USA
GSE143669,USA
GSE281833,USA
GSE146990,USA
GSE143744,Germany
GSE199530,Ireland
GSE217008,Japan
GSE299830,USA
GSE247766,Switzerland
GSE183674,Spain
GSE263489,United Kingdom
GSE266459,USA
GSE1818,Norway
GSE59393,Canada
GSE108048,USA
GSE254830,USA
GSE190410,South Korea
GSE279072,USA
GSE200277,Hong Kong
GSE107419,India
GSE106871,USA
GSE174424,China
GSE19418,Singapore
GSE61248,USA
GSE159070,USA
GSE202092,France
GSE33191,Spain
GSE41609,Ireland
GSE40951,United Kingdom
GSE69354,USA
GSE11483,USA
GSE247018,USA
GSE50215,USA
GSE244369,USA
GSE261951,USA
GSE305933,USA
GSE121708,United Kingdom
GSE69095,United Kingdom
GSE214368,Austria
GSE44092,USA
GSE161025,USA
GSE155089,Spain
GSE137910,Taiwan
GSE247461,USA
GSE261071,Australia
GSE203345,South Korea
GSE171331,USA
GSE200907,USA
GSE153185,USA
GSE228287,China
GSE214108,USA
GSE144009,USA
GSE295166,Canada
GSE129375,South Korea
GSE151901,USA
GSE122956,Israel
GSE10809,Canada
GSE168762,USA
GSE173391,China
GSE281283,USA
GSE117101,Japan
GSE296088,South Korea
GSE137295,USA
GSE165385,USA
GSE237796,USA
GSE271457,USA
GSE117289,Switzerland
GSE126812,Japan
GSE69503,USA
GSE160665,Germany
GSE185137,China
GSE171627,Japan
GSE325791,USA
GSE269161,China
GSE42152,USA
GSE213288,Luxembourg
GSE244882,USA
GSE153726,Poland
GSE267668,China
GSE248714,USA
GSE41473,USA
GSE232183,Germany
GSE245974,China
GSE124703,USA
GSE144699,Switzerland
GSE290436,United Kingdom
GSE201675,USA
GSE116754,USA
GSE247013,USA
GSE168377,USA
GSE38719,USA
GSE207562,Denmark
GSE58523,France
GSE79654,Italy
GSE94048,United Kingdom
GSE228997,United Kingdom
GSE298928,South Korea
GSE46860,China
GSE112507,United Kingdom
GSE62155,Netherlands
GSE105054,USA
GSE298473,USA
GSE137799,USA
GSE180404,Germany
GSE97744,USA
GSE239864,USA
GSE223241,France
GSE169555,United Kingdom
GSE138217,USA
GSE276021,Germany
GSE39523,USA
GSE7948,USA
GSE183740,Australia
GSE298284,Canada
GSE135634,USA
GSE213290,Japan
GSE217625,United Kingdom
GSE89479,USA
GSE25409,USA
GSE181256,Belgium
GSE102719,Poland
GSE66216,USA
GSE134228,Germany
GSE146266,USA
GSE51496,USA
GSE144656,Canada
GSE243417,Sweden
GSE243370,USA
GSE145122,USA
GSE230403,Canada
GSE116233,USA
GSE116015,USA
GSE38153,Japan
GSE210107,USA
GSE324490,USA
GSE132857,China
GSE108302,Ireland
GSE20126,Singapore
GSE252132,USA
GSE125926,United Kingdom
GSE55578,USA
GSE66814,United Kingdom
GSE249389,USA
GSE119378,Belgium
GSE263569,Japan
GSE87558,Switzerland
GSE252238,USA
GSE159437,USA
GSE228163,China
GSE120333,USA
GSE184143,USA
GSE134301,Germany
GSE160654,Germany
GSE43103,United Kingdom
GSE242972,Germany
GSE142451,USA
GSE236308,USA
GSE191241,USA
GSE34887,USA
GSE264740,USA
GSE112606,USA
GSE280603,USA
GSE213273,United Kingdom
GSE156514,China
GSE296732,USA
GSE52431,USA
GSE103547,USA
GSE264590,USA
GSE140545,India
GSE34282,Canada
GSE34879,USA
GSE255748,Sweden
GSE60811,Japan
GSE104690,USA
GSE114547,USA
GSE203536,USA
GSE97391,USA
GSE107639,Spain
GSE113914,USA
GSE300015,Israel
GSE12922,China
GSE143369,Israel
GSE81678,USA
GSE295010,USA
GSE252520,USA
GSE184102,USA
GSE157140,USA
GSE99951,USA
GSE42993,Germany
GSE155704,USA
GSE266928,Canada
GSE158537,USA
GSE306094,USA
GSE61358,United Kingdom
GSE114470,Japan
GSE108351,Spain
GSE36322,South Korea
GSE264026,Japan
GSE56187,USA
GSE40235,United Kingdom
GSE131017,Switzerland
GSE97444,USA
GSE9091,USA
GSE208575,Australia
GSE312445,USA
GSE42430,Singapore
GSE211144,USA
GSE136252,USA
GSE129505,USA
GSE246557,China
GSE166471,USA
GSE30038,USA
GSE226316,China
GSE108556,Japan
GSE100199,Netherlands
GSE36030,USA
GSE270625,Germany
GSE101591,USA
GSE81474,USA
GSE95561,Canada
GSE41252,Japan
GSE130340,USA
GSE330233,Japan
GSE195666,Germany
GSE155564,Singapore
GSE52658,USA
GSE100720,United Kingdom
GSE299106,USA
GSE20431,Qatar
GSE100007,USA
GSE195908,Spain
GSE133433,USA
GSE35671,Switzerland
GSE284565,USA
GSE200309,Netherlands
GSE5459,South Korea
GSE313787,United Kingdom
GSE180427,Australia
GSE198171,Japan
GSE127195,China
GSE154391,Denmark
GSE243702,USA
GSE165589,Italy
GSE163323,USA
GSE79652,Italy
GSE160962,USA
GSE210520,South Korea
GSE313786,United Kingdom
GSE200580,Australia
GSE161263,USA
GSE74289,USA
GSE141486,Japan
GSE267053,Canada
GSE205904,USA
GSE102985,Japan
GSE291617,USA
GSE137873,USA
GSE26867,USA
GSE261851,Japan
GSE25970,Austria
GSE291988,France
GSE104818,Germany
GSE158587,USA
GSE70315,France
GSE52457,USA
GSE28455,Japan
GSE183865,Australia
GSE268990,USA
GSE153836,Netherlands
GSE274653,Poland
GSE288153,USA
GSE33911,Japan
GSE58686,Singapore
GSE248345,USA
GSE116929,Japan
GSE26855,USA
GSE66830,United Kingdom
GSE252080,Spain
GSE131812,Germany
GSE217905,Netherlands
GSE253691,China
GSE246103,Australia
GSE92643,Canada
GSE287847,USA
GSE201437,USA
GSE262318,China
GSE223020,France
GSE198018,France
GSE146147,China
GSE165577,USA
GSE140767,Japan
GSE60204,Japan
GSE160966,USA
GSE207984,Germany
GSE283868,USA
GSE234793,Germany
GSE228665,USA
GSE248128,Germany
GSE31007,USA
GSE50585,USA
GSE114685,Canada
GSE99346,USA
GSE205976,Germany
GSE190892,USA
GSE214020,Japan
GSE85027,Spain
GSE146878,USA
GSE261247,China
GSE138215,USA
GSE12583,Spain
GSE81450,USA
GSE110268,China
GSE108795,USA
GSE39312,USA
GSE230315,USA
GSE127514,USA
GSE262710,Australia
GSE90785,USA
GSE100793,South Korea
GSE137670,United Kingdom
GSE31848,USA
GSE25673,USA
GSE155995,USA
GSE71668,USA
GSE301542,USA
GSE76490,USA
GSE54242,Germany
GSE286287,USA
GSE214110,USA
GSE57812,United Kingdom
GSE56373,Australia
GSE139985,USA
GSE145327,USA
GSE284940,USA
GSE42448,Japan
GSE51031,Spain
GSE296748,USA
GSE227927,Germany
GSE35841,USA
GSE185726,USA
GSE79890,China
GSE260752,Japan
GSE285050,Australia
GSE17579,Germany
GSE168387,United Kingdom
GSE130384,Singapore
GSE248527,China
GSE126075,Poland
GSE147828,Taiwan
GSE164052,USA
GSE304637,China
GSE233567,Denmark
GSE260456,Australia
GSE136334,USA
GSE274622,USA
GSE164314,USA
GSE88773,Germany
GSE140017,USA
GSE305641,China
GSE112761,USA
GSE202198,Germany
GSE292051,USA
GSE276364,Netherlands
GSE153806,Japan
GSE168289,United Kingdom
GSE206925,USA
GSE173180,United Kingdom
GSE173667,Germany
GSE279399,China
GSE237013,USA
GSE89416,USA
GSE309815,USA
GSE148518,China
GSE42093,USA
GSE100670,France
GSE61306,USA
GSE85029,Spain
GSE126330,Switzerland
GSE114051,USA
GSE14966,USA
GSE283866,USA
GSE233605,France
GSE210682,USA
GSE286195,United Kingdom
GSE279264,USA
GSE224578,Netherlands
GSE150926,USA
GSE114220,USA
GSE93351,USA
GSE85908,USA
GSE83686,Israel
GSE283641,USA
GSE206412,Japan
GSE26097,United Kingdom
GSE160625,USA
GSE89550,United Kingdom
GSE35815,USA
GSE185258,Canada
GSE205663,Denmark
GSE285135,China
GSE72862,China
GSE57648,Canada
GSE92412,Netherlands
GSE244655,USA
GSE268451,United Kingdom
GSE270006,USA
GSE244778,Netherlands
GSE160798,USA
GSE166246,United Kingdom
GSE127821,USA
GSE228313,USA
GSE74452,Japan
GSE125624,Germany
GSE205666,Denmark
GSE182761,USA
GSE297790,Germany
GSE295121,USA
GSE276957,USA
GSE188272,United Kingdom
GSE293429,USA
GSE294687,Taiwan
GSE18590,USA
GSE278354,USA
GSE248901,Australia
GSE203305,Netherlands
GSE129721,China
GSE230318,USA
GSE81214,USA
GSE206210,Hong Kong
GSE84090,Austria
GSE4075,USA
GSE37066,Germany
GSE17980,USA
GSE213156,USA
GSE298539,Netherlands
GSE282644,USA
GSE149148,USA
GSE245169,China
GSE267210,Spain
GSE128331,USA
GSE125768,Germany
GSE251698,Canada
GSE62066,Canada
GSE54145,China
GSE274507,Germany
GSE238005,USA
GSE273465,USA
GSE83310,USA
GSE233343,USA
GSE7902,USA
GSE97851,China
GSE259237,Denmark
GSE184919,USA
GSE31477,USA
GSE190728,Finland
GSE43099,United Kingdom
GSE9836,United Kingdom
GSE131094,China
GSE173307,China
GSE228567,USA
GSE304936,USA
GSE304173,Japan
GSE106690,USA
GSE56721,Netherlands
GSE97403,USA
GSE263130,USA
GSE129187,USA
GSE315026,Canada
GSE217538,Ireland
GSE99469,Australia
GSE333970,United Kingdom
GSE305481,USA
GSE116153,USA
GSE252236,USA
GSE288267,Canada
GSE115666,Germany
GSE72704,Japan
GSE180912,South Korea
GSE25308,USA
GSE325799,USA
GSE5415,Germany
GSE25973,USA
GSE192755,USA
GSE36114,USA
GSE54879,China
GSE167861,USA
GSE203649,China
GSE244929,United Kingdom
GSE213272,United Kingdom
GSE89515,United Kingdom
GSE97753,USA
GSE280689,USA
GSE163172,United Kingdom
GSE288314,Germany
GSE227889,Denmark
GSE196205,USA
GSE94364,Germany
GSE134911,China
GSE157835,United Kingdom
GSE143340,Spain
GSE36679,Germany
GSE283642,USA
GSE137875,USA
GSE219036,Japan
GSE153456,Austria
GSE27087,USA
GSE254828,USA
GSE271444,USA
GSE53424,United Kingdom
GSE195514,USA
GSE81679,USA
GSE192566,USA
GSE67535,Canada
GSE283749,Germany
GSE243852,Germany
GSE218090,France
GSE144578,China
GSE148696,USA
GSE179323,Portugal
GSE64403,USA
GSE284672,China
GSE42210,USA
GSE185022,Germany
GSE154607,Israel
GSE144953,USA
GSE106813,Germany
GSE123096,China
GSE181097,USA
GSE181743,Germany
GSE289721,USA
GSE117287,Switzerland
GSE182442,USA
GSE180491,USA
GSE236992,USA
GSE142378,USA
GSE245532,USA
GSE16687,USA
GSE331442,United Kingdom
GSE312664,USA
GSE185689,Germany
GSE154972,Hong Kong
GSE85598,South Korea
GSE135409,Sweden
GSE200492,USA
GSE102943,USA
GSE211103,USA
GSE154380,Denmark
GSE75752,France
GSE231761,Canada
GSE139192,USA
GSE201898,USA
GSE312831,USA
GSE1316,United Kingdom
GSE308813,USA
GSE229008,USA
GSE96815,USA
GSE227985,Canada
GSE245250,USA
GSE143930,Italy
GSE300277,USA
GSE118980,China
GSE137156,Australia
GSE141028,USA
GSE210090,USA
GSE168414,Italy
GSE104242,China
GSE36046,Spain
GSE250176,China
GSE81910,USA
GSE203085,Belgium
GSE203172,United Kingdom
GSE70883,USA
GSE274676,United Kingdom
GSE155552,USA
GSE138982,USA
GSE93974,China
GSE58809,Taiwan
GSE162874,USA
GSE130543,USA
GSE3231,Canada
GSE28366,United Kingdom
GSE93296,Singapore
GSE137764,USA
GSE166462,China
GSE45036,USA
GSE327797,USA
GSE178646,Australia
GSE48201,China
GSE150904,USA
GSE76023,USA
GSE176101,China
GSE169058,China
GSE202195,Germany
GSE124260,Japan
GSE221187,Austria
GSE277604,USA
GSE116259,Germany
GSE228765,USA
GSE178071,USA
GSE246863,Singapore
GSE143544,Netherlands
GSE211667,China
GSE109250,Japan
GSE189678,Spain
GSE168581,USA
GSE288289,United Kingdom
GSE208082,China
GSE183397,China
GSE248342,USA
GSE165152,Germany
GSE56876,USA
GSE51746,USA
GSE176060,USA
GSE104250,Spain
GSE99650,Israel
GSE107305,Australia
GSE26136,USA
GSE290454,Canada
GSE202251,USA
GSE146760,USA
GSE199529,Ireland
GSE150055,USA
GSE202344,Taiwan
GSE208604,USA
GSE206327,USA
GSE179475,USA
GSE246928,Germany
GSE256231,USA
GSE270236,USA
GSE81849,United Kingdom
GSE80969,China
GSE312320,United Kingdom
GSE284103,China
GSE130381,Germany
GSE51944,Australia
GSE219215,Australia
GSE137255,Japan
GSE287848,USA
GSE87485,Japan
GSE132376,USA
GSE160935,Estonia
GSE169724,France
GSE45877,USA
GSE184352,Finland
GSE163960,USA
GSE284146,Spain
GSE86853,USA
GSE138341,China
GSE217013,Netherlands
GSE108466,Italy
GSE152346,Spain
GSE19144,USA
GSE89619,USA
GSE193910,USA
GSE63318,USA
GSE31160,USA
GSE310214,Germany
GSE151918,USA
GSE156671,Singapore
GSE265940,United Kingdom
GSE256240,China
GSE59091,United Kingdom
GSE160604,United Kingdom
GSE41298,USA
GSE5895,USA
GSE208284,USA
GSE130341,USA
GSE225446,USA
GSE117870,United Kingdom
GSE253693,China
GSE288879,USA
GSE46485,USA
GSE179779,USA
GSE119737,Greece
GSE278598,Germany
GSE146665,Australia
GSE206603,USA
GSE137159,Australia
GSE320161,China
GSE215825,USA
GSE175934,Japan
GSE260498,USA
GSE241041,Canada
GSE155554,USA
GSE206240,Singapore
GSE58339,Canada
GSE195692,USA
GSE197205,China
GSE182218,China
GSE310809,USA
GSE21655,Australia
GSE215320,China
GSE312073,USA
GSE124730,USA
GSE312917,USA
GSE206480,USA
GSE134669,Switzerland
GSE234766,USA
GSE242524,USA
GSE163984,Taiwan
GSE184137,Italy
GSE107377,China
GSE231455,USA
GSE159595,India
GSE69096,United Kingdom
GSE46631,Japan
GSE31968,Denmark
GSE164884,USA
GSE101176,USA
GSE164874,Italy
GSE128469,USA
GSE35583,USA
GSE278088,USA
GSE42376,USA
GSE136584,Austria
GSE179438,Germany
GSE221323,Switzerland
GSE215331,China
GSE273941,China
GSE173168,Netherlands
GSE70737,Russia
GSE169466,USA
GSE75974,United Kingdom
GSE158378,Israel
GSE172117,China
GSE99470,Japan
GSE144868,Belgium
GSE246556,China
GSE93811,USA
GSE117203,USA
GSE64758,USA
GSE310903,USA
GSE148226,Germany
GSE10834,USA
GSE39210,USA
GSE291950,South Korea
GSE246411,USA
GSE178746,USA
GSE117910,Germany
GSE110471,USA
GSE196005,Australia
GSE55898,United Kingdom
GSE116603,Italy
GSE25417,USA
GSE245157,Belgium
GSE165868,Japan
GSE157635,United Kingdom
GSE30652,USA
GSE45941,Germany
GSE45504,Spain
GSE218830,Japan
GSE159874,United Kingdom
GSE159491,USA
GSE198384,Canada
GSE308372,Austria
GSE29770,Belgium
GSE71942,USA
GSE150263,USA
GSE142249,Hungary
GSE143471,USA
GSE151803,USA
GSE224755,USA
GSE242906,China
GSE19902,Taiwan
GSE148543,USA
GSE143679,USA
GSE76662,USA
GSE212896,Singapore
GSE178815,China
GSE76523,USA
GSE279821,Netherlands
GSE58919,Greece
GSE232078,Japan
GSE208440,Australia
GSE238013,USA
GSE133110,USA
GSE253480,Austria
GSE108035,Poland
GSE224964,USA
GSE83883,Japan
GSE283186,USA
GSE32268,USA
GSE124072,USA
GSE173377,Japan
GSE137081,USA
GSE78116,USA
GSE285051,Australia
GSE237618,USA
GSE181480,USA
GSE118087,USA
GSE235534,USA
GSE160786,USA
GSE240176,USA
GSE222793,Italy
GSE86790,USA
GSE302997,United Kingdom
GSE291218,USA
GSE284213,Norway
GSE167602,Germany
GSE244521,USA
GSE222109,China
GSE87043,USA
GSE182765,USA
GSE114491,France
GSE253821,Italy
GSE34394,USA
GSE184227,United Kingdom
GSE208607,USA
GSE44923,Sweden
GSE130081,Germany
GSE189981,Germany
GSE73651,Netherlands
GSE325752,United Kingdom
GSE298006,Germany
GSE115043,USA
GSE36313,Japan
GSE55536,USA
GSE310676,USA
GSE310798,USA
GSE266878,Canada
GSE70955,USA
GSE293256,USA
GSE106687,USA
GSE294524,Germany
GSE171963,France
GSE63428,USA
GSE237465,China
GSE16910,Taiwan
GSE189985,USA
GSE123194,USA
GSE334034,South Korea
GSE240534,Japan
GSE167051,USA
GSE196827,USA
GSE138759,USA
GSE244277,Germany
GSE200037,United Kingdom
GSE174704,Finland
GSE250570,United Kingdom
GSE175944,Germany
GSE137193,USA
GSE261638,Japan
GSE278265,Luxembourg
GSE219716,USA
GSE248534,Germany
GSE185681,USA
GSE175980,Japan
GSE143345,Germany
GSE182842,USA
GSE158017,USA
GSE268222,Spain
GSE307264,USA
GSE249093,USA
GSE77202,Japan
GSE146704,Germany
GSE133926,Italy
GSE186375,China
GSE188541,USA
GSE198489,China
GSE308274,USA
GSE222754,USA
GSE28593,USA
GSE42625,Finland
GSE241440,USA
GSE247406,USA
GSE5671,USA
GSE77086,USA
GSE262036,China
GSE184409,Japan
GSE140091,United Kingdom
GSE195467,USA
GSE163557,Japan
GSE163148,Japan
GSE189944,Saudi Arabia
GSE240790,Japan
GSE165268,Germany
GSE293391,USA
GSE83657,USA
GSE173810,China
GSE126643,USA
GSE180619,Japan
GSE248819,Japan
GSE124596,France
GSE240775,Japan
GSE32082,Japan
GSE29635,Germany
GSE98479,USA
GSE145920,USA
GSE71204,Sweden
GSE300841,USA
GSE109942,USA
GSE21415,Canada
GSE226816,Turkey
GSE161530,Austria
GSE185619,China
GSE108662,Italy
GSE131898,Belgium
GSE113750,Netherlands
GSE203524,Australia
GSE38152,Japan
GSE117155,Italy
GSE69868,USA
GSE111977,USA
GSE109990,USA
GSE106075,Belgium
GSE84848,Germany
GSE77705,USA
GSE89912,Japan
GSE27841,USA
GSE243444,USA
GSE256201,China
GSE110434,USA
GSE221746,Netherlands
GSE97360,USA
GSE185628,Canada
GSE183736,Australia
GSE252723,USA
GSE160809,USA
GSE307299,China
GSE163034,USA
GSE267438,USA
GSE236324,USA
GSE119901,Netherlands
GSE207563,Denmark
GSE112085,USA
GSE205900,USA
GSE275457,China
GSE96981,Germany
GSE289839,USA
GSE243579,USA
GSE99821,USA
GSE181015,United Kingdom
GSE124903,USA
GSE278310,China
GSE218676,USA
GSE142289,USA
GSE276741,USA
GSE130249,China
GSE12228,Qatar
GSE300844,USA
GSE289666,USA
GSE262976,USA
GSE305153,United Kingdom
GSE136379,USA
GSE157172,Australia
GSE273124,Netherlands
GSE270473,Poland
GSE191197,Spain
GSE51821,Singapore
GSE310834,China
GSE175801,USA
GSE127202,USA
GSE266974,Israel
GSE176113,USA
GSE46633,USA
GSE230317,USA
GSE274084,USA
GSE110267,USA
GSE9172,USA
GSE226661,Japan
GSE150906,USA
GSE138121,USA
GSE317615,United Kingdom
GSE252055,Australia
GSE85505,USA
GSE263058,USA
GSE206661,USA
GSE193711,Italy
GSE136621,United Kingdom
GSE131169,USA
GSE64946,Israel
GSE221830,USA
GSE108797,USA
GSE294290,USA
GSE164054,USA
GSE74713,USA
GSE30456,Spain
GSE306202,USA
GSE30995,USA
GSE148300,United Kingdom
GSE75735,Australia
GSE81617,USA
GSE180402,Germany
GSE158544,USA
GSE207376,USA
GSE140005,United Kingdom
GSE89012,Japan
GSE109339,South Korea
GSE83491,USA
GSE18076,USA
GSE29281,USA
GSE273069,Germany
GSE74495,Poland
GSE280986,China
GSE43235,Australia
GSE81595,USA
GSE250210,USA
GSE136424,United Kingdom
GSE271965,Spain
GSE185926,United Kingdom
GSE29692,USA
GSE293582,Australia
GSE130080,Germany
GSE259342,United Kingdom
GSE309755,USA
GSE198575,USA
GSE76586,USA
GSE67298,Israel
GSE106589,USA
GSE279032,United Kingdom
GSE109810,USA
GSE165544,Germany
GSE204808,China
GSE94141,Japan
GSE61491,USA
GSE135694,China
GSE69778,China
GSE193575,China
GSE299955,Italy
GSE193176,China
GSE225147,United Kingdom
GSE65859,USA
GSE282965,USA
GSE94432,United Kingdom
GSE104583,Japan
GSE83872,USA
GSE87231,USA
GSE303918,United Kingdom
GSE154883,USA
GSE174335,China
GSE200276,USA
GSE283496,USA
GSE190272,USA
GSE244339,United Kingdom
GSE270007,USA
GSE122385,USA
GSE168061,USA
GSE156834,Japan
GSE240793,Japan
GSE24487,Spain
GSE44829,Italy
GSE282273,Japan
GSE274039,USA
GSE271315,Israel
GSE226041,USA
GSE54412,China
GSE201558,Belgium
GSE249191,Japan
GSE278726,USA
GSE128134,China
GSE213610,United Kingdom
GSE135319,Japan
GSE272191,USA
GSE159333,Japan
GSE66025,China
GSE97992,USA
GSE225814,Germany
GSE227094,USA
GSE246040,USA
GSE46798,Canada
GSE117032,China
GSE113983,Japan
GSE24530,USA
GSE43257,Japan
GSE242727,USA
GSE74967,Japan
GSE100223,United Kingdom
GSE47796,USA
GSE136929,China
GSE146486,USA
GSE178473,Netherlands
GSE313271,Switzerland
GSE89411,USA
GSE269798,USA
GSE71940,USA
GSE178270,Germany
GSE231607,USA
GSE269920,USA
GSE237157,Argentina
GSE102870,USA
GSE240447,Singapore
GSE65510,USA
GSE201155,China
GSE154479,China
GSE109494,United Kingdom
GSE143230,USA
GSE249826,Japan
GSE164919,Japan
GSE132467,USA
GSE108800,USA
GSE103180,USA
GSE299831,USA
GSE134083,USA
GSE263847,Canada
GSE81639,USA
GSE231812,Japan
GSE159479,USA
GSE95004,South Korea
GSE34886,USA
GSE295263,USA
GSE198160,Japan
GSE116602,China
GSE25247,USA
GSE298885,Germany
GSE301050,Germany
GSE180526,USA
GSE221344,USA
GSE143783,USA
GSE292758,USA
GSE142215,USA
GSE259289,USA
GSE181103,USA
GSE132403,USA
GSE198006,China
GSE112670,USA
GSE244766,Japan
GSE180662,USA
GSE74953,Israel
GSE140021,USA
GSE256197,China
GSE89948,USA
GSE252631,United Kingdom
GSE216479,USA
GSE164666,USA
GSE238107,China
GSE268454,China
GSE245721,USA
GSE205246,Canada
GSE56107,USA
GSE157171,Australia
GSE104497,USA
GSE132811,Japan
GSE60821,Japan
GSE167240,Germany
GSE266359,USA
GSE184546,Japan
GSE323990,Netherlands
GSE271852,Germany
GSE275029,USA
GSE287850,USA
GSE120131,Netherlands
GSE116930,Japan
GSE149753,China
GSE193149,USA
GSE263850,Canada
GSE60516,USA
GSE217014,Netherlands
GSE89575,USA
GSE119682,USA
GSE138225,Japan
GSE242715,China
GSE174018,USA
GSE222639,France
GSE160801,USA
GSE288140,China
GSE196513,Germany
GSE160360,Germany
GSE68395,China
GSE45470,United Kingdom
GSE83719,USA
GSE162896,USA
GSE331399,Canada
GSE226159,China
GSE113868,Finland
GSE115576,USA
GSE82038,South Korea
GSE112760,USA
GSE299954,Italy
GSE23788,Sweden
GSE107878,Canada
GSE36814,Japan
GSE125632,Denmark
GSE202869,USA
GSE89503,USA
GSE217921,Spain
GSE71278,USA
GSE254523,United Kingdom
GSE251848,Germany
GSE129096,USA
GSE139625,China
GSE263325,Netherlands
GSE284147,Spain
GSE114599,United Kingdom
GSE299108,USA
GSE166785,USA
GSE248715,USA
GSE300808,Japan
GSE25179,United Kingdom
GSE236520,United Kingdom
GSE89945,USA
GSE155890,USA
GSE55531,France
GSE275068,USA
GSE270108,Germany
GSE26946,USA
GSE251718,USA
GSE172312,China
GSE20014,USA
GSE193102,USA
GSE113969,Switzerland
GSE57595,USA
GSE217954,USA
GSE268203,China
GSE190053,Sweden
GSE180525,USA
GSE34061,Switzerland
GSE111345,Japan
GSE278416,China
GSE227924,Germany
GSE122002,USA
GSE160799,USA
GSE248343,USA
GSE135633,USA
GSE29625,USA
GSE216718,USA
GSE104529,USA
GSE201523,USA
GSE248526,China
GSE136312,USA
GSE60226,USA
GSE21141,USA
GSE145119,Israel
GSE302995,Switzerland
GSE146071,USA
GSE192426,USA
GSE213311,USA
GSE242905,China
GSE56567,Japan
GSE224943,United Kingdom
GSE183737,Australia
GSE288121,France
GSE167218,China
GSE171368,Germany
GSE117205,USA
GSE259421,USA
GSE301725,USA
GSE75711,Germany
GSE171136,USA
GSE139838,USA
GSE81252,Germany
GSE237751,China
GSE259317,Switzerland
GSE90525,Spain
GSE97987,USA
GSE306440,Australia
GSE227579,Japan
GSE279031,United Kingdom
GSE108623,United Kingdom
GSE146763,USA
GSE39949,USA
GSE131650,USA
GSE303979,United Kingdom
GSE298498,Switzerland
GSE21715,Germany
GSE145653,Germany
GSE259290,USA
GSE217074,China
GSE122791,USA
GSE237800,USA
GSE112782,USA
GSE165101,Belgium
GSE151427,Netherlands
GSE95671,Singapore
GSE145069,USA
GSE145706,South Korea
GSE288288,United Kingdom
GSE266958,USA
GSE143458,United Kingdom
GSE236197,USA
GSE260914,Netherlands
GSE111918,Netherlands
GSE153277,USA
GSE188228,Germany
GSE76525,USA
GSE290847,USA
GSE244370,USA
GSE53498,Germany
GSE288994,USA
GSE25533,Switzerland
GSE226482,Sweden
GSE294061,France
GSE19461,United Kingdom
GSE190083,China
GSE55530,France
GSE292774,Czech Republic
GSE61150,USA
GSE2972,Canada
GSE123608,USA
GSE119893,United Kingdom
GSE137098,Australia
GSE66779,China
GSE133898,USA
GSE43682,Iran
GSE120772,Japan
GSE89675,China
GSE116455,Germany
GSE101661,USA
GSE137871,USA
GSE310583,USA
GSE289814,Netherlands
GSE236027,Taiwan
GSE328191,South Korea
GSE3509,USA
GSE141531,China
GSE202714,Portugal
GSE313528,USA
GSE152685,Japan
GSE136909,United Kingdom
GSE126488,Germany
GSE216202,Japan
GSE121154,USA
GSE82052,China
GSE101076,Singapore
GSE200534,Denmark
GSE206479,USA
GSE65695,USA
GSE191017,USA
GSE69287,United Kingdom
GSE84480,Japan
GSE307054,USA
GSE112766,USA
GSE55502,USA
GSE245524,USA
GSE277599,United Kingdom
GSE229920,USA
GSE270233,USA
GSE143545,Netherlands
GSE243407,Sweden
GSE313924,Italy
GSE157684,China
GSE250468,Spain
GSE201468,Japan
GSE111365,USA
GSE129793,USA
GSE273286,China
GSE186208,Finland
GSE197923,Italy
GSE123462,Germany
GSE223575,United Kingdom
GSE312740,Belgium
GSE247509,France
GSE287254,USA
GSE197157,China
GSE298428,China
GSE214381,United Kingdom
GSE210206,USA
GSE275691,USA
GSE164089,USA
GSE110498,USA
GSE218357,USA
GSE115774,United Kingdom
GSE248702,Japan
GSE46098,USA
GSE21037,USA
GSE68330,China
GSE76580,France
GSE289515,USA
GSE230197,Australia
GSE267619,United Kingdom
GSE70152,China
GSE85977,USA
GSE188559,USA
GSE250377,USA
GSE108432,United Kingdom
GSE183137,USA
GSE289518,USA
GSE236956,China
GSE273748,USA
GSE135416,Germany
GSE253822,Italy
GSE188721,USA
GSE178556,USA
GSE26718,Austria
GSE226543,Macau
GSE224582,Netherlands
GSE229719,USA
GSE247786,South Korea
GSE300314,Spain
GSE138025,USA
GSE326554,United Kingdom
GSE215241,Denmark
GSE208197,Canada
GSE228120,USA
GSE154294,China
GSE198773,United Kingdom
GSE185889,USA
GSE231446,Lithuania
GSE122794,USA
GSE157137,USA
GSE58665,Singapore
GSE152259,Japan
GSE116935,Japan
GSE67848,USA
GSE132965,China
GSE128466,Germany
GSE203168,United Kingdom
GSE283867,USA
GSE108620,USA
GSE272549,Germany
GSE115044,USA
GSE94872,Finland
GSE75454,Austria
GSE234345,Germany
GSE140501,USA
GSE243416,Sweden
GSE242520,China
GSE144736,USA
GSE113125,Japan
GSE249376,USA
GSE157954,Netherlands
GSE198297,USA
GSE30434,USA
GSE85006,Spain
GSE143484,China
GSE189546,USA
GSE109524,USA
GSE140499,USA
GSE85953,Singapore
GSE270074,South Korea
GSE80382,Germany
GSE53203,Finland
GSE65697,USA
GSE144120,USA
GSE201709,South Korea
GSE298830,Germany
GSE102335,Netherlands
GSE236430,USA
GSE144093,USA
GSE189896,Austria
GSE255185,USA
GSE116128,USA
GSE208283,USA
GSE72897,Japan
GSE283427,USA
GSE190727,Finland
GSE185472,USA
GSE46792,United Kingdom
GSE185036,China
GSE130592,USA
GSE122429,Hong Kong
GSE95505,Canada
GSE70969,USA
GSE184490,United Kingdom
GSE187390,Japan
GSE210802,Germany
GSE283119,Germany
GSE271780,Taiwan
GSE243432,Germany
GSE100725,Singapore
GSE117588,USA
GSE294865,Japan
GSE198033,France
GSE163771,USA
GSE280378,USA
GSE218290,France
GSE270784,Canada
GSE126788,USA
GSE181100,USA
GSE119324,Australia
GSE196655,China
GSE59402,USA
GSE210760,Germany
GSE155563,China
GSE61995,Israel
GSE190742,USA
GSE243431,Germany
GSE208259,Canada
GSE66260,United Kingdom
GSE113981,Japan
GSE159318,USA
GSE80383,Germany
GSE95094,USA
GSE62193,Germany
GSE116862,USA
GSE66829,United Kingdom
GSE43831,USA
GSE89573,USA
GSE217832,Australia
GSE139432,China
GSE213462,USA
GSE290345,USA
GSE60809,Japan
GSE214619,China
GSE31006,USA
GSE189068,USA
GSE60240,USA
GSE140748,United Kingdom
GSE200225,USA
GSE271235,Denmark
GSE97952,USA
GSE152448,China
GSE29880,USA
GSE230316,USA
GSE234795,USA
GSE319038,USA
GSE251992,China
GSE225389,United Kingdom
GSE222439,USA
GSE122545,Germany
GSE43421,USA
GSE106311,USA
GSE245523,USA
GSE184469,Switzerland
GSE183396,China
GSE284144,Spain
GSE305132,United Kingdom
GSE159258,USA
GSE172503,Italy
GSE171135,USA
GSE110950,USA
GSE147224,China
GSE102795,USA
GSE167358,Germany
GSE310795,USA
GSE130723,USA
GSE116372,Belgium
GSE326652,USA
GSE99350,Japan
GSE306350,USA
GSE147347,Israel
GSE62666,China
GSE302890,USA
GSE104784,China
GSE222068,Japan
GSE189166,South Korea
GSE14503,Taiwan
GSE47716,United Kingdom
GSE199820,Japan
GSE295886,Japan
GSE268603,Netherlands
GSE194013,Germany
GSE196355,China
GSE314560,USA
GSE303031,USA
GSE65732,USA
GSE173492,USA
GSE269620,USA
GSE227095,USA
GSE207467,USA
GSE249081,USA
GSE173089,Australia
GSE164315,USA
GSE248933,USA
GSE201084,USA
GSE98140,USA
GSE81453,Japan
GSE107651,USA
GSE43364,Germany
GSE160590,USA
GSE71079,USA
GSE264222,Belgium
GSE197170,USA
GSE249505,Spain
GSE85717,USA
GSE206588,USA
GSE183401,China
GSE56646,France
GSE32991,China
GSE322198,USA
GSE96826,Taiwan
GSE288254,China
GSE278751,Austria
GSE68332,China
GSE67213,China
GSE151642,Japan
GSE266929,Canada
GSE94086,USA
GSE114159,China
GSE214021,Japan
GSE208250,Japan
GSE145386,South Korea
GSE94425,United Kingdom
GSE73233,USA
GSE154475,USA
GSE139273,USA
GSE139064,USA
GSE125142,USA
GSE137941,USA
GSE151879,USA
GSE160933,Australia
GSE42289,USA
GSE241544,India
GSE5914,USA
GSE213804,Sweden
GSE274397,USA
GSE230482,USA
GSE96555,Austria
GSE133764,Finland
GSE43971,USA
GSE140018,USA
GSE264140,Spain
GSE255094,China
GSE48792,Israel
GSE8574,Chile
GSE229769,Sweden
GSE176222,USA
GSE6689,USA
GSE181429,China
GSE293573,Germany
GSE78891,USA
GSE11302,USA
GSE69593,USA
GSE152470,Japan
GSE29070,USA
GSE290466,USA
GSE293201,USA
GSE306221,China
GSE270003,Hong Kong
GSE168250,USA
GSE164361,USA
GSE66076,USA
GSE20124,Singapore
GSE197725,New Zealand
GSE193938,USA
GSE74104,USA
GSE224029,Macau
GSE131736,United Kingdom
GSE159261,Austria
GSE57878,United Kingdom
GSE121376,USA
GSE53260,USA
GSE134164,USA
GSE164564,USA
GSE329743,Switzerland
GSE212809,USA
GSE250208,USA
GSE207564,Denmark
GSE29784,USA
GSE138525,Israel
GSE15309,USA
GSE130162,United Kingdom
GSE108291,Australia
GSE99790,USA
GSE241701,United Kingdom
GSE278734,France
GSE22476,USA
GSE111860,USA
GSE184033,Netherlands
GSE293032,USA
GSE47964,USA
GSE242101,USA
GSE61946,USA
GSE310598,USA
GSE290954,China
GSE157267,China
GSE161416,Singapore
GSE299350,USA
GSE49886,Germany
GSE88944,USA
GSE299957,Italy
GSE28270,Germany
GSE140732,USA
GSE271853,USA
GSE214987,USA
GSE196575,USA
GSE26338,USA
GSE127194,China
GSE283598,Sweden
GSE203583,Switzerland
GSE104849,Germany
GSE280599,USA
GSE140500,USA
GSE45147,USA
GSE65763,USA
GSE306567,Spain
GSE266927,Canada
GSE210606,China
GSE285507,Japan
GSE164941,South Korea
GSE50543,USA
GSE178274,USA
GSE188698,China
GSE247598,USA
GSE195617,India
GSE104499,Japan
GSE144869,Belgium
GSE161281,South Korea
GSE120420,China
GSE280605,USA
GSE162050,Sweden
GSE49847,USA
GSE37761,Spain
GSE137160,Australia
GSE221965,USA
GSE45700,Spain
GSE122104,USA
GSE149078,USA
GSE134363,USA
GSE262239,Portugal
GSE139816,USA
GSE62899,USA
GSE62914,USA
GSE192365,USA
GSE190686,Brazil
GSE309572,Spain
GSE219132,Canada
GSE98941,USA
GSE93012,USA
GSE247426,Germany
GSE284369,Italy
GSE215323,China
GSE288152,USA
GSE4082,USA
GSE244925,United Kingdom
GSE285231,USA
GSE218547,Belgium
GSE85839,USA
GSE152915,Germany
GSE267655,Italy
GSE260732,China
GSE108717,China
GSE268173,USA
GSE305128,Sweden
GSE205901,USA
GSE242425,Australia
GSE212947,USA
GSE126459,USA
GSE276595,Canada
GSE233638,USA
GSE228662,USA
GSE92279,USA
GSE57092,Germany
GSE160287,Germany
GSE183402,China
GSE181104,USA
GSE305550,Japan
GSE314079,Australia
GSE107761,United Kingdom
GSE191168,Canada
GSE299978,Canada
GSE253235,USA
GSE166297,Netherlands
GSE126460,USA
GSE128040,Netherlands
GSE181457,Germany
GSE86794,Spain
GSE291599,USA
GSE108350,Spain
GSE160942,USA
GSE188240,USA
GSE151009,Germany
GSE7069,USA
GSE316615,USA
GSE329469,United Kingdom
GSE27205,Italy
GSE255184,USA
GSE158000,China
GSE249049,Japan
GSE53918,USA
GSE156617,USA
GSE102136,Canada
GSE142658,Japan
GSE160563,USA
GSE132468,USA
GSE99760,USA
GSE263193,Netherlands
GSE256183,China
GSE118325,Germany
GSE221027,Finland
GSE203264,Singapore
GSE153078,Germany
GSE230587,USA
GSE122383,USA
GSE149932,United Kingdom
GSE227926,Germany
GSE207076,Germany
GSE159873,United Kingdom
GSE236029,USA
GSE165017,China
GSE161783,USA
GSE169070,Germany
GSE295510,USA
GSE82101,Taiwan
GSE60232,USA
GSE97621,Japan
GSE125477,Australia
GSE236482,Canada
GSE69101,United Kingdom
GSE289298,United Kingdom
GSE230478,USA
GSE136859,USA
GSE276359,USA
GSE232926,Denmark
GSE95191,Spain
GSE76524,USA
GSE31923,USA
GSE50470,USA
GSE330364,USA
GSE228118,USA
GSE54508,Spain
GSE216323,China
GSE205163,United Kingdom
GSE129018,China
GSE107675,United Kingdom
GSE196526,USA
GSE21179,Germany
GSE174213,China
GSE305135,United Kingdom
GSE248120,Germany
GSE299492,USA
GSE61154,Netherlands
GSE175977,Japan
GSE246243,USA
GSE143373,Israel
GSE95061,Germany
GSE160762,China
GSE29115,United Kingdom
GSE308227,France
GSE56906,USA
GSE216474,USA
GSE124208,China
GSE165200,USA
GSE124513,USA
GSE96798,USA
GSE274060,USA
GSE271528,Canada
GSE186606,Finland
GSE85061,USA
GSE285276,USA
GSE217298,Germany
GSE226345,USA
GSE58627,Spain
GSE157265,China
GSE149971,USA
GSE181231,USA
GSE182168,Sweden
GSE289628,Netherlands
GSE288298,USA
GSE69706,China
GSE79323,Germany
GSE285132,China
GSE139998,United Kingdom
GSE199242,USA
GSE302122,USA
GSE253695,China
GSE48175,Italy
GSE268084,Germany
GSE305934,USA
GSE236309,USA
GSE11523,USA
GSE114228,Taiwan
GSE92725,Japan
GSE20013,USA
GSE92494,USA
GSE120083,Netherlands
GSE219903,USA
GSE9090,USA
GSE291742,USA
GSE238225,Germany
GSE181244,Sweden
GSE19465,USA
GSE111599,USA
GSE95096,Spain
GSE231468,South Korea
GSE119559,USA
GSE282157,Japan
GSE270945,Germany
GSE126400,Germany
GSE164092,Switzerland
GSE118906,Austria
GSE84646,USA
GSE196799,Germany
GSE216201,Japan
GSE45223,USA
GSE313785,United Kingdom
GSE261952,USA
GSE106495,USA
GSE270472,Poland
GSE56096,USA
GSE167353,Germany
GSE281670,South Korea
GSE280606,USA
GSE34013,USA
GSE208286,USA
GSE95017,China
GSE305121,Sweden
GSE202493,USA
GSE213569,United Kingdom
GSE125857,USA
GSE264735,Japan
GSE65761,USA
GSE67868,Spain
GSE288302,Australia
GSE326913,USA
GSE148495,USA
GSE127937,United Kingdom
GSE157282,Germany
GSE79320,Germany
GSE58514,USA
GSE301005,USA
GSE15553,Denmark
GSE106239,Poland
GSE287379,USA
GSE283073,USA
GSE273793,United Kingdom
GSE299829,USA
GSE20503,USA
GSE131816,Germany
GSE79515,USA
GSE167351,Germany
GSE303313,France
GSE95271,Japan
GSE181954,Netherlands
GSE168413,Italy
GSE123891,USA
GSE215173,South Korea
GSE220212,Netherlands
GSE275030,USA
GSE172199,United Kingdom
GSE94888,Italy
GSE53108,USA
GSE222441,USA
GSE4687,South Korea
GSE239367,USA
GSE141891,Norway
GSE8884,USA
GSE227640,USA
GSE86898,USA
GSE20349,USA
GSE115042,USA
GSE218680,USA
GSE268981,USA
GSE145964,China
GSE116163,United Kingdom
GSE160647,USA
GSE160941,USA
GSE202497,USA
GSE93126,China
GSE164680,Canada
GSE71179,USA
GSE70828,USA
GSE32081,Japan
GSE74453,Japan
GSE22827,USA
GSE14711,USA
GSE16678,USA
GSE264015,Germany
GSE240682,Spain
GSE223571,United Kingdom
GSE131380,United Kingdom
GSE185518,Italy
GSE248129,Germany
GSE253509,Germany
GSE266218,USA
GSE183033,USA
GSE116260,Germany
GSE241379,USA
GSE85331,USA
GSE202398,USA
GSE168811,USA
GSE122001,USA
GSE207112,USA
GSE97414,Germany
GSE39673,USA
GSE271527,Canada
GSE53505,USA
GSE123997,USA
GSE47920,USA
GSE149096,China
GSE87484,Japan
GSE297066,USA
GSE296512,USA
GSE273071,Germany
GSE239329,USA
GSE49814,USA
GSE295122,USA
GSE301532,France
GSE149202,USA
GSE40117,Belgium
GSE214022,Japan
GSE108498,USA
GSE240356,USA
GSE263845,Canada
GSE248085,South Korea
GSE284368,Italy
GSE20532,Germany
GSE287380,USA
GSE59755,Denmark
GSE4076,USA
GSE80483,USA
GSE125592,USA
GSE270829,Japan
GSE150186,USA
GSE236707,United Kingdom
GSE104847,South Korea
GSE125033,Germany
GSE165242,USA
GSE262111,Austria
GSE242686,Australia
GSE148215,China
GSE218457,Canada
GSE116272,USA
GSE56098,USA
GSE254954,USA
GSE50206,Japan
GSE299115,USA
GSE156009,Belgium
GSE214383,United Kingdom
GSE244712,Spain
GSE135318,Germany
GSE34201,United Kingdom
GSE62114,Japan
GSE14473,USA
GSE157073,China
GSE253697,China
GSE203257,Japan
GSE203578,China
GSE266683,Denmark
GSE24030,Germany
GSE98472,USA
GSE208625,China
GSE138120,USA
GSE211625,South Korea
GSE301903,China
GSE196578,Hong Kong
GSE160201,USA
GSE229879,Australia
GSE64865,USA
GSE220933,South Korea
GSE253605,Germany
GSE77936,Brazil
GSE94452,USA
GSE19026,USA
GSE228063,USA
GSE32054,Japan
GSE74894,USA
GSE128908,USA
GSE306820,USA
GSE199736,China
GSE210789,Singapore
GSE247833,USA
GSE53969,Netherlands
GSE89007,Japan
GSE277602,USA
GSE92476,China
GSE238243,Canada
GSE193905,Germany
GSE68025,USA
GSE138549,USA
GSE169201,Spain
GSE203491,USA
GSE186389,Canada
GSE90749,USA
GSE66078,USA
GSE74991,Germany
GSE98290,Switzerland
GSE253824,Italy
GSE91041,Japan
GSE160871,USA
GSE159002,USA
GSE245515,USA
GSE31948,USA
GSE51921,Spain
GSE39433,USA
GSE137811,USA
GSE67252,USA
GSE80689,USA
GSE44727,USA
GSE237137,South Korea
GSE169452,USA
GSE179769,Japan
GSE202985,Netherlands
GSE147321,Israel
GSE292880,Belgium
GSE103414,China
GSE97324,USA
GSE163961,USA
GSE29005,USA
GSE294118,France
GSE207119,Germany
GSE266029,France
GSE89574,USA
GSE95502,Canada
GSE280746,China
GSE244112,USA
GSE132454,USA
GSE259318,USA
GSE134908,China
GSE320584,Canada
GSE213798,South Korea
GSE70832,USA
GSE261731,Australia
GSE160890,USA
GSE264445,China
GSE108115,USA
GSE157448,Canada
GSE78950,USA
GSE144313,USA
GSE175658,Italy
GSE140899,USA
GSE67325,United Kingdom
GSE228117,USA
GSE124614,Israel
GSE100748,Singapore
GSE93238,China
GSE66027,China
GSE158143,USA
GSE165509,China
GSE240684,Spain
GSE223569,United Kingdom
GSE148758,Germany
GSE13460,Israel
GSE178555,USA
GSE12482,Singapore
GSE141505,Germany
GSE116281,USA
GSE142042,France
GSE161808,USA
GSE149499,Japan
GSE232692,USA
GSE24901,USA
GSE175563,China
GSE85628,USA
GSE73352,Germany
GSE45660,USA
GSE181724,USA
GSE8439,USA
GSE186496,USA
GSE94696,Finland
GSE144241,China
GSE147543,USA
GSE235030,Germany
GSE86985,USA
GSE24844,Spain
GSE158663,Switzerland
GSE47466,Canada
GSE75096,Japan
GSE329998,USA
GSE288877,USA
GSE30125,Germany
GSE241332,USA
GSE293245,USA
GSE178317,USA
GSE163018,USA
GSE88931,USA
GSE78960,Switzerland
GSE271968,Spain
GSE247019,USA
GSE148231,USA
GSE120145,Netherlands
GSE89557,United Kingdom
GSE277559,USA
GSE202147,USA
GSE308134,Germany
GSE131877,USA
GSE314031,USA
GSE151899,USA
GSE307755,Singapore
GSE124071,USA
GSE223414,USA
GSE291628,Japan
GSE87361,China
GSE221343,USA
GSE240609,USA
GSE161417,Singapore
GSE185927,United Kingdom
GSE32527,China
GSE160980,Estonia
GSE175632,Japan
GSE243429,Germany
GSE40187,USA
GSE34284,Canada
GSE119990,Germany
GSE72697,USA
GSE245121,USA
GSE237619,China
GSE172181,USA
GSE228115,USA
GSE205902,USA
GSE207681,USA
GSE78112,Japan
GSE117761,Australia
GSE108056,USA
GSE160588,USA
GSE290520,Japan
GSE141253,Germany
GSE42449,Japan
GSE94033,USA
GSE207099,USA
GSE293255,USA
GSE108726,Austria
GSE313031,Luxembourg
GSE113921,China
GSE71933,USA
GSE155997,USA
GSE146703,Germany
GSE195559,USA
GSE179006,Japan
GSE172227,Japan
GSE144867,Belgium
GSE233295,Italy
GSE241251,South Korea
GSE193759,USA
GSE182443,USA
GSE252627,USA
GSE276058,Germany
GSE189470,Taiwan
GSE60924,Japan
GSE116124,Spain
GSE151313,USA
GSE55630,France
GSE19722,USA
GSE273666,USA
GSE189745,Germany
GSE59140,USA
GSE182441,USA
GSE98723,Spain
GSE220103,USA
GSE280394,USA
GSE302939,USA
GSE143543,Netherlands
GSE226040,USA
GSE203452,USA
GSE163920,USA
GSE311724,Australia
GSE115941,USA
GSE232921,Denmark
GSE202500,USA
GSE62105,Brazil
GSE123809,USA
GSE194016,Germany
GSE130252,Australia
GSE55404,USA
GSE122098,Poland
GSE9563,USA
GSE190185,USA
GSE148904,USA
GSE118907,Austria
GSE66479,USA
GSE185192,USA
GSE271767,Canada
GSE288300,USA
GSE195642,United Kingdom
GSE69790,United Kingdom
GSE270690,Thailand
GSE81585,USA
GSE178711,USA
GSE298430,China
GSE89883,United Kingdom
GSE42094,USA
GSE217992,China
GSE49564,Israel
GSE58123,USA
GSE51455,Israel
GSE156020,USA
GSE241644,USA
GSE155384,USA
GSE211570,Japan
GSE65507,Japan
GSE318465,Germany
GSE309248,Australia
GSE248122,Germany
GSE191206,USA
GSE180528,USA
GSE184007,USA
GSE158528,USA
GSE178846,Germany
GSE117211,Australia
GSE222259,USA
GSE191250,Finland
GSE250303,Taiwan
GSE175634,USA
GSE69626,USA
GSE125590,Germany
GSE127121,Ireland
GSE205318,USA
GSE100460,USA
GSE130085,China
GSE55500,China
GSE154398,USA
GSE211568,USA
GSE74547,USA
GSE180495,USA
GSE62247,Japan
GSE300459,USA
GSE115499,Germany
GSE314054,Germany
GSE306348,USA
GSE173316,USA
GSE272545,Germany
GSE194319,USA
GSE90553,Germany
GSE109714,USA
GSE164417,USA
GSE42379,USA
GSE43946,France
GSE66601,Taiwan
GSE206048,Japan
GSE157262,China
GSE222083,USA
GSE119561,Australia
GSE153654,USA
GSE13127,USA
GSE18959,USA
GSE173106,Belgium
GSE203580,China
GSE228116,USA
GSE86654,Sweden
GSE155215,USA
GSE307804,Australia
GSE228907,USA
GSE178517,USA
GSE158382,South Korea
GSE149613,Italy
GSE148368,USA
GSE57781,USA
GSE164068,Germany
GSE27834,USA
GSE60816,Japan
GSE124306,China
GSE61266,Italy
GSE39502,USA
